id,name,model_id:id,group_id:id,perm_read,perm_write,perm_create,perm_unlink

access_gmt_table_line,gmt.table.line,model_gmt_table_line,base.group_user,1,1,1,1

access_sale_data_line,sale.data.line,model_sale_data_line,base.group_user,1,1,1,1

access_item_table_line,item.table.line,model_item_table_line,base.group_user,1,1,1,1
access_value_table_line,value.table.line,model_value_table_line,base.group_user,1,1,1,1
access_function_table_line,function.table.line,model_function_table_line,base.group_user,1,1,1,1

access_kanban_staged,kanban.staged,model_kanban_staged,base.group_user,1,1,1,1
access_amc_amc,amc.amc,model_amc_amc,base.group_user,1,1,1,1
access_amcpackage_amcpackage,amcpackage.amcpackage,model_amcpackage_amcpackage,base.group_user,1,1,1,1
access_brand_brand,brand.brand,model_brand_brand,base.group_user,1,1,1,1
access_model_model,model.model,model_model_model,base.group_user,1,1,1,1
access_itemreceived_itemreceived,itemreceived.itemreceived,model_itemreceived_itemreceived,base.group_user,1,1,1,1


access_warrenty_package,warrenty.package,model_warrenty_package,base.group_user,1,1,1,1
access_warrenty_warrenty,warrenty.warrenty,model_warrenty_warrenty,base.group_user,1,1,1,1

access_gmt_product_line,gmt.product.line,model_gmt_product_line,base.group_user,1,1,1,1

ticket_user,ticket.user,model_services_services,group_ticket_users,1,1,0,0
ticket_create,ticket.create,model_services_services,group_ticket_creates,1,0,1,0
ticket_read,ticket.read,model_services_services,group_ticket_reads,1,0,0,0
ticket_update,ticket.update,model_services_services,group_ticket_updates,1,1,0,0
access_terms_conditions,terms.conditions,model_terms_conditions,base.group_user,1,1,1,1
ticket_delete,ticket.delete,model_services_services,group_ticket_deletes,1,0,0,1

access_sale_confirm_form,sale.confirm.form,model_sale_confirm_form,base.group_user,1,1,1,1
access_owner_partners,owner.partners,model_owner_partners,base.group_user,1,1,1,1
access_management_contact,management.contact,model_management_contact,base.group_user,1,1,1,1
access_payment_contact,payment_contact,model_payment_contact,base.group_user,1,1,1,1
access_delivery_details,delivery_details,model_delivery_details,base.group_user,1,1,1,1
access_fav_list,access.fav.list,model_fav_list,base.group_user,1,1,1,1