<?xml version="1.0" encoding="utf-8"?>

<odoo>

        <record id="group_ticket_creates" model="res.groups">
            <field name="name">Access Create</field>
        </record>


        <record id="group_ticket_reads" model="res.groups">
            <field name="name"> Access Read</field>
        </record>


        <record id="group_ticket_updates" model="res.groups">
            <field name="name"> Access Update</field>
        </record>


        <record id="group_ticket_deletes" model="res.groups">
            <field name="name"> Access Delete</field>
        </record>


        <record id="group_ticket_users" model="res.groups">
            <field name="name"> User</field>
        </record>

          

        <record id="group_ticket_managers" model="res.groups">
            <field name="name">Admin</field>
            <field name="implied_ids" eval="[(4, ref('gmt_product.group_ticket_creates')),(4, ref('gmt_product.group_ticket_reads')),
                                        (4, ref('gmt_product.group_ticket_updates')),(4, ref('gmt_product.group_ticket_deletes'))]"/>
            <field name="users" eval="[(4, ref('base.user_root'))]"/>
        </record>

            <record model="ir.ui.menu" id="gmt_product.amc_menu">
                <field name="groups_id" eval="[(6,0,[ref('gmt_product.group_ticket_managers')])]"/>
            </record>

             <record model="ir.ui.menu" id="gmt_product.configuration_menu">
                <field name="groups_id" eval="[(6,0,[ref('gmt_product.group_ticket_managers')])]"/>
            </record>

             <record model="ir.ui.menu" id="gmt_product.product_service_root">
                <field name="groups_id" eval="[(6,0,[ref('gmt_product.group_ticket_managers')])]"/>
            </record>

             <record model="ir.ui.menu" id="gmt_product.warrenty_menu">
                <field name="groups_id" eval="[(6,0,[ref('gmt_product.group_ticket_managers')])]"/>
            </record>

            <record model="ir.ui.menu" id="gmt_product.kanban_view_menu">
                <field name="groups_id" eval="[(6,0,[ref('gmt_product.group_ticket_managers')])]"/>
            </record>

        <record id="ticket_see_own_rules" model="ir.rule">
            <field name="name">Users</field>
            <field name="model_id" ref="model_services_services"/>
            <field name="domain_force">[('users','=',user.id)]</field>
            <field name="groups" eval="[(4, ref('gmt_product.group_ticket_users'))]"/>
        </record>

        
        <record id="ticket_see_all_rules" model="ir.rule">
            <field name="name">Admin</field>
            <field name="model_id" ref="model_services_services"/>
            <field name="domain_force">[(1,'=',1)]</field>
            <field name="groups" eval="[(4,ref('gmt_product.group_ticket_managers'))]"/>
        </record>

            <record id="view_users_readonly" model="ir.ui.view">
            <field name="name">view.user.readonly</field>
            <field name="model">services.services</field>
            <field name="inherit_id" ref="gmt_product.services_view"/>
            <field name="groups_id" eval="[(4,ref('gmt_product.group_ticket_users'))]"/>
            <field name="arch" type="xml">

            <field name="users" position="attributes">
                   <attribute name="readonly">1</attribute>
                </field>

             <field name="selectcustomers" position="attributes">
                   <attribute name="readonly">1</attribute>
                </field>

                 <field name="date" position="attributes">
                   <attribute name="readonly">1</attribute>
                </field>

                 <field name="my_field_service1" position="attributes">
                   <attribute name="readonly">1</attribute>
                </field>

                 <field name="my_fields_service2" position="attributes">
                   <attribute name="readonly">1</attribute>
                </field>

                 <field name="amc_serial" position="attributes">
                   <attribute name="readonly">1</attribute>
                </field>

                <field name="warranty_serial" position="attributes">
                   <attribute name="readonly">1</attribute>
                </field>

                <field name="productname" position="attributes">
                   <attribute name="readonly">1</attribute>
                </field>

                <field name="brand" position="attributes">
                   <attribute name="readonly">1</attribute>
                </field>

                <field name="model" position="attributes">
                   <attribute name="readonly">1</attribute>
                </field>

                <field name="priority" position="attributes">
                   <attribute name="readonly">1</attribute>
                </field>
                </field>
                </record>

</odoo>